<?xml version = '1.0' encoding = 'UTF-8'?>
<FKIndexAssociation class="oracle.dbtools.crest.model.design.relational.FKIndexAssociation" directorySegmentName="seg_0" id="7A80A5E9-404C-4A59-54A8-128E3A791109" containerWithKeyObject="391E7DE7-C345-456A-B958-5B608A79AC57" localFKIndex="2C6B87A2-22C7-85B9-8BDF-8ACF19A297D4" name="TB_PARTIDA_TB_JOGADOR_FKv1">
<createdBy>isabella</createdBy>
<createdTime>2020-09-23 17:40:40 UTC</createdTime>
<ownerDesignName>xadrez</ownerDesignName>
<deleteRule>NO ACTION</deleteRule>
<referredTableID>EA43F0DB-1C2D-FFBD-CCBE-E9CA54D9E32C</referredTableID>
<keyObject>3576DC67-8A33-0EC7-7381-F93EDFAFD24C</keyObject>
<referredKeyID>3576DC67-8A33-0EC7-7381-F93EDFAFD24C</referredKeyID>
<mandatory>true</mandatory>
<transferable>true</transferable>
<rely>false</rely>
<columnDependencyConstraintGenerateInDDL>true</columnDependencyConstraintGenerateInDDL>
</FKIndexAssociation>